#{"t_start": 1640863227.1837995, "env_id": "Pendulum-v0"}
r,l,t
-1611.833636,200,10.505378
-1514.201639,200,12.368648
-1654.573645,200,14.220985
-1741.408662,200,16.072517
-1559.429117,200,17.933814
-1677.147193,200,19.810132
-1418.167384,200,21.693922
-1301.189539,200,23.533005
-639.625987,200,25.379485
-917.753274,200,27.225981
-929.423235,200,29.075333
-1051.939113,200,30.921327
-1527.040441,200,32.771677
-645.677768,200,34.623021
-514.117761,200,36.477123
-494.617517,200,38.335958
-371.476531,200,40.180514
-127.716394,200,42.027314
-129.021077,200,45.998802
-242.844257,200,47.927093
-242.61039,200,49.831825
-119.955526,200,51.767503
-1.033805,200,53.693644
-235.369511,200,55.594079
-124.485615,200,57.661773
-121.240736,200,59.557027
-118.918611,200,61.452973
-116.199254,200,63.356666
-126.077318,200,65.260142
-127.057979,200,67.185142
-128.451006,200,69.087045
-114.229261,200,71.377763
-0.876125,200,73.269057
-127.243615,200,75.166923
-120.742426,200,77.062958
-118.288804,200,78.954317
-123.319591,200,80.7997
-120.532105,200,82.643755
-118.377353,200,84.49028
-120.107312,200,86.340082
-121.385239,200,88.197288
-232.836064,200,90.044488
-121.676741,200,91.891852
-115.216515,200,93.735103
-123.498264,200,95.582417
-262.153335,200,97.449536
-0.664824,200,99.288984
-223.113648,200,101.130517
-0.654842,200,102.967596
-228.614228,200,104.809835
